ep,n_up,n_down,last_up,last_down,confirmed_dead
1786668900,1134,1134,0.37/0.41,0.59/0.63,False
1786699800,226,226,0.01/0.01,0.99/1.00,False
1787112300,1,1,0.50/0.51,0.49/0.50,True
1787112600,1,1,0.50/0.51,0.49/0.50,True
1787112900,1,1,0.50/0.51,0.49/0.50,True
1787113500,1,1,0.50/0.51,0.49/0.50,True
1787113800,1,1,0.50/0.51,0.49/0.50,True
1787114700,1,1,0.50/0.54,0.46/0.50,True
1787115000,1,1,0.50/0.60,0.40/0.50,True
1787115300,1,1,0.50/0.51,0.49/0.50,True
1787115600,1,1,0.50/0.51,0.49/0.50,True
1787115900,1,1,0.50/0.51,0.49/0.50,True
1787116200,1,1,0.50/0.51,0.49/0.50,True
1787116500,1,1,0.50/0.51,0.49/0.50,True
1787116800,1,1,0.50/0.51,0.49/0.50,True
1787117100,1,1,0.50/0.51,0.49/0.50,True
1787117400,1,1,0.50/0.51,0.49/0.50,True
1787117700,1,1,0.50/0.51,0.49/0.50,True
1787130300,1,1,0.50/0.51,0.49/0.50,True
1787130600,1,1,0.50/0.51,0.49/0.50,True
1787130900,1,1,0.50/0.51,0.49/0.50,True
1787131200,1,1,0.50/0.51,0.49/0.50,True
1787131500,1,1,0.50/0.51,0.49/0.50,True
1787131800,1,1,0.50/0.51,0.49/0.50,True
1787132100,1,1,0.50/0.51,0.49/0.50,True
1787132700,1,1,0.50/0.51,0.49/0.50,True
1787133000,1,1,0.50/0.51,0.49/0.50,True
1787133300,1,1,0.50/0.51,0.49/0.50,True
1787133600,1,1,0.50/0.51,0.49/0.50,True
1787133900,1,1,0.50/0.51,0.49/0.50,True
1787134800,1,1,0.50/0.51,0.49/0.50,True
1787135100,1,1,0.50/0.51,0.49/0.50,True
1787135400,1,1,0.50/0.51,0.49/0.50,True
1787135700,1,1,0.50/0.51,0.49/0.50,True
1787136000,1,1,0.50/0.51,0.49/0.50,True
1787172300,693,693,0.01/0.01,0.99/1.00,False
1787193000,1053,1053,0.99/1.00,0.01/0.01,False
1787217300,396,396,0.99/1.00,0.01/0.01,False
1787271900,1490,1490,0.01/0.01,0.99/1.00,False
1787304000,1133,1133,0.99/1.00,0.01/0.01,False
1787304300,378,378,0.99/1.00,0.01/0.01,False
1787305500,636,636,0.01/0.01,0.99/1.00,False
1787320500,678,678,0.01/0.01,0.99/1.00,False
1787403900,1,1,0.39/0.40,0.60/0.61,True
1787404800,1,1,0.50/0.51,0.49/0.50,True
1787405100,1,1,0.50/0.51,0.49/0.50,True
1787579100,1004,1004,0.99/1.00,0.01/0.01,False
1787579400,833,833,0.02/0.01,0.99/1.00,False
1787581200,2122,2122,0.01/0.01,0.99/1.00,False
1787581500,560,560,0.99/1.00,0.01/0.01,False
1787582100,1304,1304,0.01/0.01,0.99/1.00,False
1787582400,375,375,0.01/0.01,0.99/1.00,False
1787591700,264,264,0.01/0.00,1.00/1.00,False
1787620800,939,939,0.99/1.00,0.01/0.01,False
1787634900,1604,1604,0.99/1.00,0.01/0.01,False
1787639400,120,120,0.09/0.01,0.99/1.00,False
1787655900,71,71,0.99/1.00,0.04/0.01,False
1787661300,1183,1183,0.99/1.00,0.03/0.01,False
1787678700,1203,1203,0.99/1.00,0.01/0.01,False
1787717100,1,1,0.48/0.50,0.50/0.52,True
1787717400,1,1,0.50/0.51,0.49/0.50,True
1787717700,1,1,0.50/0.51,0.49/0.50,True
1787718300,1,1,0.50/0.51,0.49/0.50,True
1787718600,1,1,0.50/0.51,0.49/0.50,True
1787718900,1,1,0.50/0.51,0.49/0.50,True
1787719200,1,1,0.50/0.51,0.49/0.50,True
1787719500,1,1,0.50/0.51,0.49/0.50,True
1787719800,1,1,0.50/0.51,0.49/0.50,True
1787720100,1,1,0.50/0.51,0.49/0.50,True
1787720400,1,1,0.50/0.51,0.49/0.50,True
1787720700,1,1,0.50/0.51,0.49/0.50,True
1787721000,1,1,0.50/0.51,0.49/0.50,True
1787721300,1,1,0.50/0.51,0.49/0.50,True
1787721600,1,1,0.50/0.51,0.49/0.50,True
1787722200,1,1,0.50/0.51,0.49/0.50,True
1787723100,1,1,0.50/0.51,0.49/0.50,True
1787723400,1,1,0.50/0.51,0.49/0.50,True
1787723700,1,1,0.50/0.51,0.49/0.50,True
1787724000,1,1,0.50/0.51,0.49/0.50,True
1787724600,1,1,0.50/0.51,0.49/0.50,True
1787724900,1,1,0.50/0.51,0.49/0.50,True
1787725200,1,1,0.50/0.51,0.49/0.50,True
1787725500,1,1,0.50/0.51,0.49/0.50,True
1787726100,1,1,0.50/0.51,0.49/0.50,True
1787726400,1,1,0.50/0.51,0.49/0.50,True
1787726700,1,1,0.50/0.51,0.49/0.50,True
1787727000,1,1,0.50/0.51,0.49/0.50,True
1787727300,1,1,0.50/0.51,0.49/0.50,True
1787727600,1,1,0.50/0.51,0.49/0.50,True
1787727900,1,1,0.50/0.51,0.49/0.50,True
1787729100,1,1,0.50/0.51,0.49/0.50,True
1787729700,1,1,0.50/0.51,0.49/0.50,True
1787730000,1,1,0.50/0.51,0.49/0.50,True
1787730300,1,1,0.50/0.51,0.49/0.50,True
1787730600,1,1,0.49/0.52,0.48/0.51,True
1787936400,621,621,0.01/0.02,0.98/1.00,False
1788046200,607,607,0.01/0.01,0.99/1.00,False
1788112500,1,1,0.28/0.29,0.71/0.72,True
1788112800,1,1,0.50/0.51,0.49/0.50,True
1788113100,1,1,0.49/0.50,0.50/0.51,True
1788113400,1,1,0.50/0.51,0.49/0.50,True
1788113700,1,1,0.50/0.51,0.49/0.50,True
1788114000,1,1,0.50/0.51,0.49/0.50,True
1788137100,1,1,0.49/0.50,0.50/0.51,True
1788137400,1,1,0.49/0.51,0.49/0.51,True
1788137700,1,1,0.50/0.51,0.49/0.50,True
1788138000,1,1,0.50/0.51,0.49/0.50,True
1788138300,1,1,0.50/0.51,0.49/0.50,True
1788157800,1,1,0.09/0.10,0.90/0.91,True
1788158100,1,1,0.49/0.50,0.50/0.51,True
1788158400,1,1,0.50/0.51,0.49/0.50,True
1788158700,1,1,0.50/0.51,0.49/0.50,True
1788159000,1,1,0.50/0.51,0.49/0.50,True
1788159300,1,1,0.50/0.51,0.49/0.50,True
1788159900,1,1,0.50/0.51,0.49/0.50,True
1788160200,1,1,0.50/0.51,0.49/0.50,True
1788160500,1,1,0.50/0.51,0.49/0.50,True
1788160800,1,1,0.50/0.51,0.49/0.50,True
1788161100,1,1,0.50/0.51,0.49/0.50,True
1788161400,1,1,0.50/0.51,0.49/0.50,True
1788161700,1,1,0.50/0.51,0.49/0.50,True
1788162000,1,1,0.50/0.51,0.49/0.50,True
1788162300,1,1,0.50/0.51,0.49/0.50,True
1788162600,1,1,0.50/0.51,0.49/0.50,True
1788163200,1,1,0.50/0.51,0.49/0.50,True
1788163500,1,1,0.50/0.51,0.49/0.50,True
1788164100,1,1,0.50/0.51,0.49/0.50,True
1788164400,1,1,0.50/0.51,0.49/0.50,True
1788164700,1,1,0.50/0.51,0.49/0.50,True
1788165300,1,1,0.50/0.51,0.49/0.50,True
1788165600,1,1,0.50/0.51,0.49/0.50,True
1788165900,1,1,0.50/0.51,0.49/0.50,True
1788166200,1,1,0.50/0.51,0.49/0.50,True
1788166500,1,1,0.50/0.51,0.49/0.50,True
1788166800,1,1,0.50/0.51,0.49/0.50,True
1788167100,1,1,0.50/0.51,0.49/0.50,True
1788167400,1,1,0.50/0.51,0.49/0.50,True
1788167700,1,1,0.50/0.51,0.49/0.50,True
1788168000,1,1,0.50/0.51,0.49/0.50,True
1788168300,1,1,0.50/0.51,0.49/0.50,True
1788168600,1,1,0.50/0.51,0.49/0.50,True
1788168900,1,1,0.50/0.51,0.49/0.50,True
1788169200,1,1,0.50/0.51,0.49/0.50,True
1788169500,1,1,0.50/0.51,0.49/0.50,True
1788169800,1,1,0.50/0.51,0.49/0.50,True
1788170100,1,1,0.50/0.51,0.49/0.50,True
1788170400,1,1,0.50/0.51,0.49/0.50,True
1788170700,1,1,0.50/0.51,0.49/0.50,True
1788171000,1,1,0.50/0.51,0.49/0.50,True
1788171300,1,1,0.50/0.51,0.49/0.50,True
1788171900,1,1,0.50/0.51,0.49/0.50,True
1788172200,2,2,0.10/0.90,0.10/0.90,True
1788172500,2,2,0.10/0.90,0.10/0.90,True
1788173100,862,862,0.99/1.00,0.20/0.01,False
1788217800,1,1,0.11/0.12,0.88/0.89,True
1788218100,1,1,0.51/0.53,0.47/0.49,True
1788218400,1,1,0.50/0.51,0.49/0.50,True
1788218700,1,1,0.50/0.51,0.49/0.50,True
1788219000,1,1,0.50/0.51,0.49/0.50,True
1788219300,1,1,0.50/0.51,0.49/0.50,True
1788219600,1,1,0.50/0.51,0.49/0.50,True
1788220500,1,1,0.50/0.51,0.49/0.50,True
1788220800,1,1,0.50/0.51,0.49/0.50,True
1788221100,1,1,0.50/0.51,0.49/0.50,True
1788221400,1,1,0.50/0.51,0.49/0.50,True
1788221700,1,1,0.50/0.51,0.49/0.50,True
1788222000,1,1,0.50/0.51,0.49/0.50,True
1788222300,1,1,0.50/0.51,0.49/0.50,True
1788222600,1,1,0.50/0.51,0.49/0.50,True
1788222900,1,1,0.50/0.51,0.49/0.50,True
1788223200,1,1,0.50/0.51,0.49/0.50,True
1788223500,1,1,0.50/0.51,0.49/0.50,True
1788223800,1,1,0.50/0.51,0.49/0.50,True
1788224400,11,11,0.99/1.00,0.01/0.01,False
1788305400,1,1,0.49/0.51,0.49/0.51,True
1788312600,1,1,0.41/0.42,0.58/0.59,True
1788312900,1,1,0.50/0.51,0.49/0.50,True
1788313200,1,1,0.50/0.51,0.49/0.50,True
1788313500,1,1,0.50/0.51,0.49/0.50,True
1788313800,1,1,0.50/0.51,0.49/0.50,True
1788314100,1,1,0.50/0.51,0.49/0.50,True
1788314700,1,1,0.50/0.51,0.49/0.50,True
1788315000,1,1,0.50/0.51,0.49/0.50,True
1788315300,1,1,0.50/0.51,0.49/0.50,True
1788315600,1,1,0.50/0.51,0.49/0.50,True
1788315900,1,1,0.50/0.51,0.49/0.50,True
1788316200,1,1,0.50/0.51,0.49/0.50,True
1788316500,1,1,0.50/0.51,0.49/0.50,True
1788316800,1,1,0.50/0.51,0.49/0.50,True
1788317100,1,1,0.50/0.51,0.49/0.50,True
1788317400,1,1,0.50/0.51,0.49/0.50,True
1788317700,1,1,0.50/0.51,0.49/0.50,True
1788318000,1,1,0.50/0.51,0.49/0.50,True
1788318300,1,1,0.50/0.51,0.49/0.50,True
1788318600,1,1,0.50/0.51,0.49/0.50,True
1788318900,1,1,0.50/0.51,0.49/0.50,True
1788319200,1,1,0.50/0.51,0.49/0.50,True
1788319500,1,1,0.50/0.51,0.49/0.50,True
1788319800,1,1,0.50/0.51,0.49/0.50,True
1788320100,1,1,0.49/0.51,0.49/0.51,True
1788320400,1,1,0.49/0.51,0.49/0.51,True
1788321000,1,1,0.49/0.51,0.49/0.51,True
1788321600,1,1,0.49/0.51,0.49/0.51,True
1788321900,1,1,0.49/0.51,0.49/0.51,True
1788322200,1,1,0.49/0.51,0.49/0.51,True
1788322500,1,1,0.49/0.51,0.49/0.51,True
1788322800,1,1,0.49/0.51,0.49/0.51,True
1788323100,1,1,0.49/0.51,0.49/0.51,True
1788323400,1,1,0.49/0.51,0.49/0.51,True
1788323700,1,1,0.10/0.90,0.10/0.90,True
1788324000,1,1,0.10/0.90,0.10/0.90,True
1788324300,1,1,0.10/0.90,0.10/0.90,True
1788324600,1,1,0.10/0.90,0.10/0.90,True
1788440700,1,1,0.48/0.49,0.51/0.52,True
1788441000,1,1,0.49/0.51,0.49/0.51,True
1788441300,1,1,0.50/0.51,0.49/0.50,True
1788441600,1,1,0.49/0.51,0.49/0.51,True
1788455100,1,1,0.56/0.57,0.43/0.44,True
1788455400,1,1,0.49/0.50,0.50/0.51,True
1788456000,1,1,0.49/0.50,0.50/0.51,True
1788456300,1,1,0.50/0.51,0.49/0.50,True
1788456600,1,1,0.50/0.51,0.49/0.50,True
1788456900,1,1,0.50/0.51,0.49/0.50,True
1788457200,1,1,0.50/0.51,0.49/0.50,True
1788457500,1,1,0.50/0.51,0.49/0.50,True
1788457800,1,1,0.50/0.51,0.49/0.50,True
1788458100,1,1,0.50/0.51,0.49/0.50,True
1788458400,1,1,0.50/0.51,0.49/0.50,True
1788458700,1,1,0.50/0.51,0.49/0.50,True
1788459000,1,1,0.50/0.51,0.49/0.50,True
1788459300,1,1,0.50/0.51,0.49/0.50,True
1788459600,1,1,0.50/0.51,0.49/0.50,True
1788459900,1,1,0.50/0.51,0.49/0.50,True
1788460200,1,1,0.50/0.51,0.49/0.50,True
1788460500,1,1,0.50/0.51,0.49/0.50,True
1788460800,1,1,0.50/0.51,0.49/0.50,True
1788461100,1,1,0.50/0.51,0.49/0.50,True
1788461400,1,1,0.50/0.51,0.49/0.50,True
1788461700,1,1,0.50/0.51,0.49/0.50,True
1788462000,1,1,0.50/0.51,0.49/0.50,True
1788462300,1,1,0.49/0.51,0.49/0.51,True
1788462600,1,1,0.49/0.51,0.49/0.51,True
1788462900,1,1,0.49/0.51,0.49/0.51,True
1788463200,1,1,0.10/0.90,0.10/0.90,True
1788463500,1,1,0.10/0.90,0.10/0.90,True
1788463800,1,1,0.10/0.90,0.10/0.90,True
1788464100,1,1,0.10/0.90,0.10/0.90,True
1788465600,1,1,0.47/0.48,0.52/0.53,True
1788465900,1,1,0.48/0.51,0.49/0.52,True
1788466200,1,1,0.48/0.51,0.49/0.52,True
1788466800,1,1,0.50/0.51,0.49/0.50,True
1788467100,1,1,0.50/0.51,0.49/0.50,True
1788525300,460,460,0.01/0.01,0.99/1.00,False
